Prompt,Issues,Overall result,Overall sentiment,Observations
"Transforme essa descrição de sistema em histórias de usuário com critérios de aceitação bem rigorosos.

O Sistema
Basicamente, o sistema a ser desenvolvido deve implementar as seguintes funcionalidades
principais:
1. Gerenciamento (inclusão, alteração e remoção) de alunos, com uma página específica com a
lista de alunos cadastrados. Cada aluno deve ter o seu nome, CPF, e email.
2. Numa outra página, o sistema deve permitir o gerenciamento das avaliações dos alunos,
mostrando uma tabela com os nomes dos alunos na primeira coluna, e para cada aluno as
suas avaliações em várias metas (Requisitos, Testes, etc.). Cada meta em uma coluna
diferente. As avaliações são indicadas pelos conceitos MANA, MPA, ou MA, que
respectivamente indicam Meta Ainda Não Atingida, Meta Parcialmente Atingida, e Meta
Atingida.
3. Persistência (via JSON) do cadastro de alunos e suas avaliações nas várias metas.
4. Gerenciamento (inclusão, alteração e remoção) de turmas. Cada turma contém a descrição
do seu tópico (por exemplo, Introdução a Programação), o ano, o semestre, os alunos
matriculados na mesma, e as informações das avaliações desses alunos naquela turma. Deve
ser possível visualizar cada turma com seus alunos e avaliações separadamente.
5. Envio de email para um aluno quando o professor preencher ou alterar a avaliação do aluno
para alguma meta. Para evitar que o aluno receba muitos emails (caso o professor digite
várias avaliações num mesmo dia), enviar apenas um email por dia com todas as avaliações
modificadas, nas várias turmas em que aquele aluno está matriculado.

Salve as historias numa pasta docs/user-stories",Sem issues relevantes; não foram observados problemas no resultado entregue.,OK,Positivo,"As histórias de usuário foram bem descritas, com boa cobertura funcional e critérios de aceite rigorosos no tom esperado."
"Agora preciso startar um projeto usando reactjs no frontend e nodejs no backend. Ainda nao vamos implementar as features. A ideia é gerar a configuracao inicial do projeto. Preciso que sua configuracao deixe a aplicacao rodando. A suite de teste deve estar funcionando, mesmo vazia nesse primeiro momento. Dockerize o projeto pra simplificar. A aplicaçao deve ficar numa pasta chamada 'sistema'.",A aplicação não foi deixada rodando com Docker ao final (foi executado compose down).,OK,Positivo,"Scaffold fullstack bem estruturado (React/Vite + Fastify/TS), testes iniciais passando. Principal ressalva: não manteve os containers em execução ao finalizar."
Agora faça rodar com docker,Sem issues; execução conforme esperado.,OK,Positivo,"A aplicação subiu corretamente com Docker, com frontend e backend ativos nas portas configuradas."
"Agora precisamos implementar as historias de usuario. Vamos implementar de uma por uma. Implemente o backend e o frontend da user-storie 1. Utilize  @docs/user-stories/historias-de-usuario-sistema-avaliacoes.md como referencia. Ao final, garanta que os testes estao passsando e que a aplicacao esteja rodando. SE possível, deixe links para que eu possa acessar masi rapidamente a aplicacao.",Design do frontend ficou ruim,OK,Neutro-positivo,"Resposta foi correta e objetiva; funcionalmente OK, com ressalva de qualidade visual no front."
"Agora vamos implementar as historias 2, 3 e 4. Tanto backend quanto frontend. Elas fazem parte do mesmo CRUD. SEja rigoroso com os testes e garanta que ele estara passando apos a implementacao.",A funcao de remover nao funcionou adequadamente.,NOK,No geral foi bom,"Solicitado implementar historias 2, 3 e 4 do mesmo CRUD em backend e frontend, com rigor em testes e garantia de suite passando apos implementacao."
Os testes estao passando mas o remover nao esta funcionando. SEja mais rigoroso no teste de remocao e garanta que ele funcione.,"A funcionalidade de remover continua sem funcionar corretamente, apesar de melhorias realizadas.",NOK,Nao gostei,"Usuario reporta que houve algumas melhorias, mas o problema de remocao persiste; solicitado maior rigor nos testes de remocao e garantia de funcionamento."
Já implementamos as historias 1 a 4 desse arquivo @docs/user-stories/historias-de-usuario-sistema-avaliacoes.md . Agora precisamos implementar o resto. É necessário implementar o frontend e o backend. Além de ser rigoroso com os testes.,erro de remocao; design muito ruim,PARCIAL,Neutro,"No geral implementou as historias, porem ainda com erro de remocao e design fraco."
"Agora precisamos melhorar definitivamente o layout da aplicacção. Pra isso, já existe uma pasta de design no projeto para cada tela que deve existir. Vc deve se adaptar a ela. Na pasta academic_precision tem o design system do projeto. As outras pastas são as telas da aplicacao. Cada pasta de tela contem o codigo html, que torna facil a implementacao em codigo e uma imagem para caso vc precise visualizar a tela antes de implementar.",Sem issues criticas; solicitacao focada em registrar avaliacao do plano.,OK,Positivo,"Analise: Executie em modo plano e ele gerou um arquivo passo a passo para implementar a nova interface. Gravei na pasta docs do projeto. O plano foi bem feito na minha visao. Na proxima interacao, que vai ser sua implementacao, avalio a implementacao. No geral, o plano foi bom."
Prossiga,Design muito distante do documentado,NOK,Negativo,"Ele conseguiu implementar algumas novas rotas e icones, mas o design está muito longe de ficar parecido com o documentado."
O design está bem ruim. Tente colocar o cabeçalho de um dos @code.html dentro do @index.html da nossa aplicação. Talvez seja algum problema de configuração.,Algumas funções e rotas não funcionam.,OK,Positivo,"Conseguiu um resultado excelente, embora com falhas pontuais em funções e rotas. Cumpriu bem o seu papel."
O arquivo @App.tsx está implementando todas as rotas. Separe cada rota em um componente diferente.,Sem issues relevantes no escopo solicitado.,OK,Neutro,O resultado ficou como esperado. Ok.
"Há várias funcionalidades do sistema que não estão funcionando corretamente. Quero que você revise e corrija os problemas abaixo, implementando o que estiver faltando e removendo o que não faz sentido para o nosso contexto. Regras gerais: Corrija tudo com foco em funcionalidade real, não com dados mockados. Sempre que um dado existir no sistema, use o valor persistido corretamente no backend / banco, e não valores fictícios. Garanta consistência de idioma: toda a interface deve ficar em português. Ao corrigir rotas, botões, filtros e ações, valide também se há dependências quebradas, componentes incompletos ou handlers não implementados. Onde houver elementos visuais exibidos sem implementação real, implemente de fato ou remova, caso não façam sentido no produto. Problemas gerais: A rota para Avaliações não funciona. A rota para Settings não funciona. A maior parte dos textos está em inglês. Todos os textos devem ficar em português. A busca não funciona. O ícone de notificação não é clicável e não exibe notificações. O menu Institutional Overview não funciona. Ao clicar, nada acontece. Tela de Turmas: A Calendar View não funciona. Implementar corretamente. O item Rooms Active não faz sentido no nosso contexto. Remover. O campo capacidade da turma não está implementado. Implementar corretamente. Verificar todas as telas em que essa informação aparece ou é usada. Garantir que o valor exibido seja o valor real persistido, e não mockado. Tela de Alunos: O filtro não funciona. Corrigir. A funcionalidade Exportar para CSV não funciona. Corrigir. O item Academic Insights pode ser removido. O campo ou seção Enrollment Distribution não está claro no contexto do produto. Avaliar se faz sentido manter. Se não fizer sentido, remover. Tela de Dashboard: Na mensagem de boas-vindas, usar “Professor” em vez do nome “Sarah”. O botão New Enrollment não funciona. Ele deve redirecionar para a tela de Turmas. Ajuste esse fluxo para ficar mais coerente com o produto. O indicador Attendance Rate não existe no nosso contexto. Substituir por média das notas dos alunos das turmas. Esse dado deve ser calculado corretamente com base nos dados reais. O calendário aparece na tela, mas não há implementação no código. Implementar corretamente. O que eu espero da sua entrega: Corrigir todas as rotas quebradas. Implementar todas as funcionalidades listadas que estiverem incompletas. Remover elementos sem sentido para o contexto do sistema. Traduzir toda a interface para português. Garantir que botões, menus, filtros, busca, calendário, exportação e notificações funcionem de verdade. No final, me entregue: um resumo do que foi corrigido, o que foi removido, o que foi implementado, e qualquer ponto do sistema que ainda precise de atenção.",Entrega incompleta; parte das correções não foi concluída.,PARCIAL,Negativo,"Grande parte foi solucionada, mas não foi uma entrega completa. Não foi tão legal."
